[
    { "id": 1, "name": "Snake Plant", "category": "Indoor", "price": 250, "image": "https://via.placeholder.com/300x280/D8BFD8/FFFFFF?text=Snake+Plant" },
    { "id": 2, "name": "Peace Lily", "category": "Indoor", "price": 300, "image": "https://via.placeholder.com/300x280/D8BFD8/FFFFFF?text=Peace+Lily" },
    { "id": 3, "name": "Monstera Deliciosa", "category": "Indoor", "price": 800, "image": "https://via.placeholder.com/300x280/D8BFD8/FFFFFF?text=Monstera" },
    { "id": 4, "name": "Fiddle Leaf Fig", "category": "Indoor", "price": 1200, "image": "https://via.placeholder.com/300x280/D8BFD8/FFFFFF?text=Fiddle+Leaf" },
    { "id": 5, "name": "Aloe Vera", "category": "Herbs", "price": 180, "image": "https://via.placeholder.com/300x280/D8BFD8/FFFFFF?text=Aloe+Vera" },
    { "id": 6, "name": "Lavender", "category": "Herbs", "price": 220, "image": "https://via.placeholder.com/300x280/D8BFD8/FFFFFF?text=Lavender" },
    { "id": 7, "name": "Rosemary", "category": "Herbs", "price": 200, "image": "https://via.placeholder.com/300x280/D8BFD8/FFFFFF?text=Rosemary" },
    { "id": 8, "name": "Spider Plant", "category": "Indoor", "price": 150, "image": "https://via.placeholder.com/300x280/D8BFD8/FFFFFF?text=Spider+Plant" },
    { "id": 9, "name": "Pothos", "category": "Indoor", "price": 170, "image": "https://via.placeholder.com/300x280/D8BFD8/FFFFFF?text=Pothos" },
    { "id": 10, "name": "African Violet", "category": "Flowering", "price": 280, "image": "https://via.placeholder.com/300x280/D8BFD8/FFFFFF?text=African+Violet" },
    { "id": 11, "name": "Orchid", "category": "Flowering", "price": 750, "image": "https://via.placeholder.com/300x280/D8BFD8/FFFFFF?text=Orchid" },
    { "id": 12, "name": "Succulent Mix", "category": "Succulents", "price": 400, "image": "https://via.placeholder.com/300x280/D8BFD8/FFFFFF?text=Succulent+Mix" },
    { "id": 13, "name": "Cactus Assortment", "category": "Succulents", "price": 350, "image": "https://via.placeholder.com/300x280/D8BFD8/FFFFFF?text=Cactus" },
    { "id": 14, "name": "Basil", "category": "Herbs", "price": 100, "image": "https://via.placeholder.com/300x280/D8BFD8/FFFFFF?text=Basil" },
    { "id": 15, "name": "Mint", "category": "Herbs", "price": 120, "image": "https://via.placeholder.com/300x280/D8BFD8/FFFFFF?text=Mint" },
    { "id": 16, "name": "Christmas Cactus", "category": "Flowering", "price": 290, "image": "https://via.placeholder.com/300x280/D8BFD8/FFFFFF?text=Christmas+Cactus" },
    { "id": 17, "name": "ZZ Plant", "category": "Indoor", "price": 500, "image": "https://via.placeholder.com/300x280/D8BFD8/FFFFFF?text=ZZ+Plant" },
    { "id": 18, "name": "Areca Palm", "category": "Indoor", "price": 650, "image": "https://via.placeholder.com/300x280/D8BFD8/FFFFFF?text=Areca+Palm" },
    { "id": 19, "name": "Air Plants", "category": "Succulents", "price": 220, "image": "https://via.placeholder.com/300x280/D8BFD8/FFFFFF?text=Air+Plants" },
    { "id": 20, "name": "Venus Flytrap", "category": "Carnivorous", "price": 450, "image": "https://via.placeholder.com/300x280/D8BFD8/FFFFFF?text=Venus+Flytrap" },
    { "id": 21, "name": "Pitcher Plant", "category": "Carnivorous", "price": 550, "image": "https://via.placeholder.com/300x280/D8BFD8/FFFFFF?text=Pitcher+Plant" },
    { "id": 22, "name": "Geranium", "category": "Flowering", "price": 190, "image": "https://via.placeholder.com/300x280/D8BFD8/FFFFFF?text=Geranium" },
    { "id": 23, "name": "Bonsai Tree", "category": "Outdoor", "price": 2500, "image": "https://via.placeholder.com/300x280/D8BFD8/FFFFFF?text=Bonsai" },
    { "id": 24, "name": "Maple Tree", "category": "Outdoor", "price": 3500, "image": "https://via.placeholder.com/300x280/D8BFD8/FFFFFF?text=Maple+Tree" },
    { "id": 25, "name": "Daffodil", "category": "Flowering", "price": 120, "image": "https://via.placeholder.com/300x280/D8BFD8/FFFFFF?text=Daffodil" },
    { "id": 26, "name": "Tulip", "category": "Flowering", "price": 110, "image": "https://via.placeholder.com/300x280/D8BFD8/FFFFFF?text=Tulip" },
    { "id": 27, "name": "Oak Tree", "category": "Outdoor", "price": 4000, "image": "https://via.placeholder.com/300x280/D8BFD8/FFFFFF?text=Oak+Tree" },
    { "id": 28, "name": "Lemon Balm", "category": "Herbs", "price": 160, "image": "https://via.placeholder.com/300x280/D8BFD8/FFFFFF?text=Lemon+Balm" },
    { "id": 29, "name": "Venus Hair Fern", "category": "Indoor", "price": 320, "image": "https://via.placeholder.com/300x280/D8BFD8/FFFFFF?text=Venus+Hair+Fern" },
    { "id": 30, "name": "String of Pearls", "category": "Succulents", "price": 270, "image": "https://via.placeholder.com/300x280/D8BFD8/FFFFFF?text=String+of+Pearls" },
    { "id": 31, "name": "Jade Plant", "category": "Succulents", "price": 200, "image": "https://via.placeholder.com/300x280/D8BFD8/FFFFFF?text=Jade+Plant" },
    { "id": 32, "name": "Hydrangea", "category": "Flowering", "price": 600, "image": "https://via.placeholder.com/300x280/D8BFD8/FFFFFF?text=Hydrangea" },
    { "id": 33, "name": "Weeping Fig", "category": "Indoor", "price": 700, "image": "https://via.placeholder.com/300x280/D8BFD8/FFFFFF?text=Weeping+Fig" },
    { "id": 34, "name": "Dragon Tree", "category": "Indoor", "price": 550, "image": "https://via.placeholder.com/300x280/D8BFD8/FFFFFF?text=Dragon+Tree" },
    { "id": 35, "name": "Carnation", "category": "Flowering", "price": 150, "image": "https://via.placeholder.com/300x280/D8BFD8/FFFFFF?text=Carnation" },
    { "id": 36, "name": "Begonia", "category": "Flowering", "price": 230, "image": "https://via.placeholder.com/300x280/D8BFD8/FFFFFF?text=Begonia" },
    { "id": 37, "name": "Eucalyptus", "category": "Herbs", "price": 300, "image": "https://via.placeholder.com/300x280/D8BFD8/FFFFFF?text=Eucalyptus" },
    { "id": 38, "name": "Juniper", "category": "Outdoor", "price": 900, "image": "https://via.placeholder.com/300x280/D8BFD8/FFFFFF?text=Juniper" },
    { "id": 39, "name": "Banyan Tree", "category": "Outdoor", "price": 5000, "image": "https://via.placeholder.com/300x280/D8BFD8/FFFFFF?text=Banyan+Tree" },
    { "id": 40, "name": "Money Plant", "category": "Indoor", "price": 200, "image": "https://via.placeholder.com/300x280/D8BFD8/FFFFFF?text=Money+Plant" }
]